loss,hidden_dim,layer_dim,dropout,residxSD, residxQE, residxSV, residxPR, residxHD, residexTL, resvalSD,resvalQE,resvalSV,resvalPR,resvalHD,resvalTL
MSELoss(),4,2,0.1,29,1,4,25,29,29,0.022,-0.014,0.03,0.152,0.036,0.058
MSELoss(),4,2,0.1,0,1,7,20,1,29,0.034,0.0,0.027,0.143,-0.031,0.058
MSELoss(),4,2,0.1,1,0,10,5,28,29,0.009,-0.005,0.048,0.163,-0.051,0.058
MSELoss(),4,2,0.1,0,0,9,24,29,29,0.008,0.016,0.029,0.152,0.06,0.058
MSELoss(),4,2,0.1,29,29,5,21,29,29,0.1,0.038,0.034,0.196,0.103,0.056
BCELoss(),4,2,0.1,0,0,4,9,29,22,-0.025,0.015,0.056,0.146,-0.045,0.187
BCELoss(),4,2,0.1,0,0,6,14,26,27,-0.03,0.037,0.036,0.161,-0.043,0.187
BCELoss(),4,2,0.1,29,2,7,8,29,15,0.043,-0.013,0.053,0.137,0.106,0.187
BCELoss(),4,2,0.1,0,1,6,9,0,16,-0.031,0.006,0.052,0.165,-0.03,0.187
BCELoss(),4,2,0.1,0,1,6,7,0,22,-0.032,0.028,0.057,0.15,0.018,0.187
MSELoss(),4,2,0.2,1,0,9,29,29,29,0.035,0.005,0.029,0.127,0.03,0.058
MSELoss(),4,2,0.2,0,1,4,18,0,29,-0.04,0.029,0.039,0.138,0.058,0.058
MSELoss(),4,2,0.2,1,0,3,5,0,29,0.036,0.005,0.024,0.155,0.047,0.058
MSELoss(),4,2,0.2,0,0,28,27,1,29,0.018,0.001,0.034,0.147,0.055,0.058
MSELoss(),4,2,0.2,0,0,3,25,29,28,-0.014,-0.023,0.032,0.138,-0.036,0.058
BCELoss(),4,2,0.2,0,2,5,22,26,29,0.021,0.001,0.054,0.125,0.081,0.186
BCELoss(),4,2,0.2,1,2,0,18,27,28,0.038,0.005,0.031,0.161,0.063,0.186
BCELoss(),4,2,0.2,29,1,5,11,29,29,0.019,0.009,0.027,0.149,0.058,0.186
BCELoss(),4,2,0.2,0,0,4,6,29,17,-0.022,0.002,0.046,0.141,-0.027,0.187
BCELoss(),4,2,0.2,0,2,5,20,29,14,0.021,-0.009,0.035,0.168,0.065,0.187
MSELoss(),4,4,0.1,2,0,20,15,24,29,0.025,-0.0,0.05,0.176,0.045,0.058
MSELoss(),4,4,0.1,0,0,15,7,28,29,-0.037,0.001,0.051,0.171,0.062,0.058
MSELoss(),4,4,0.1,28,0,9,18,0,29,0.022,0.005,0.057,0.166,0.081,0.058
MSELoss(),4,4,0.1,17,0,17,18,29,29,0.029,0.008,0.048,0.17,0.046,0.058
MSELoss(),4,4,0.1,0,1,23,21,0,29,-0.049,-0.004,0.051,0.178,-0.047,0.058
BCELoss(),4,4,0.1,21,0,18,14,0,29,0.028,0.008,0.052,0.179,0.071,0.186
BCELoss(),4,4,0.1,21,2,8,22,29,29,0.029,0.049,0.059,0.179,-0.034,0.186
BCELoss(),4,4,0.1,0,1,14,13,29,29,0.062,-0.011,0.045,0.171,0.057,0.186
BCELoss(),4,4,0.1,0,0,11,16,0,29,0.014,0.017,0.045,0.168,0.073,0.187
BCELoss(),4,4,0.1,2,0,22,24,0,16,0.025,0.013,0.052,0.176,0.047,0.187
MSELoss(),4,4,0.2,22,1,11,9,0,29,0.025,0.004,0.043,0.172,0.067,0.057
MSELoss(),4,4,0.2,29,0,6,6,29,29,0.022,-0.004,0.054,0.166,0.067,0.057
MSELoss(),4,4,0.2,0,0,28,20,11,29,-0.055,0.001,0.051,0.177,-0.08,0.058
MSELoss(),4,4,0.2,0,0,23,12,0,29,-0.022,0.015,0.056,0.176,0.027,0.058
MSELoss(),4,4,0.2,0,0,13,29,0,29,-0.052,-0.003,0.06,0.183,-0.079,0.058
BCELoss(),4,4,0.2,0,0,28,24,0,14,-0.05,0.012,0.056,0.176,-0.03,0.187
BCELoss(),4,4,0.2,0,0,5,13,24,17,-0.049,-0.017,0.052,0.167,0.036,0.187
BCELoss(),4,4,0.2,0,0,7,14,29,29,0.006,-0.004,0.051,0.164,0.062,0.186
BCELoss(),4,4,0.2,29,0,8,19,0,18,-0.038,0.001,0.051,0.171,0.061,0.187
BCELoss(),4,4,0.2,0,0,4,19,0,18,-0.006,-0.003,0.044,0.171,-0.063,0.187
MSELoss(),4,8,0.1,0,0,16,22,16,29,-0.027,0.008,0.054,0.177,0.047,0.058
MSELoss(),4,8,0.1,27,0,10,10,0,28,0.019,0.01,0.054,0.18,0.085,0.058
MSELoss(),4,8,0.1,0,0,29,29,0,29,-0.053,-0.004,0.057,0.184,0.079,0.058
MSELoss(),4,8,0.1,19,0,15,18,24,29,0.029,0.015,0.054,0.178,0.054,0.058
MSELoss(),4,8,0.1,2,0,14,15,26,29,0.014,0.01,0.056,0.184,0.049,0.058
BCELoss(),4,8,0.1,27,1,18,13,20,15,0.027,0.0,0.056,0.178,-0.089,0.187
BCELoss(),4,8,0.1,0,0,12,19,0,22,-0.04,-0.003,0.057,0.182,-0.083,0.187
BCELoss(),4,8,0.1,0,2,16,13,29,22,-0.006,0.001,0.057,0.183,-0.016,0.187
BCELoss(),4,8,0.1,1,0,17,28,0,19,0.02,0.016,0.057,0.182,-0.081,0.187
BCELoss(),4,8,0.1,0,0,9,24,29,29,-0.023,0.028,0.057,0.183,0.05,0.187
MSELoss(),4,8,0.2,0,0,17,23,16,29,-0.023,0.007,0.056,0.184,-0.087,0.058
MSELoss(),4,8,0.2,18,2,12,13,0,29,0.026,0.013,0.051,0.172,0.071,0.058
MSELoss(),4,8,0.2,0,0,18,19,2,29,-0.046,0.008,0.057,0.182,0.066,0.058
MSELoss(),4,8,0.2,1,0,10,18,19,29,-0.062,-0.034,0.056,0.184,-0.087,0.058
MSELoss(),4,8,0.2,0,0,23,27,0,29,-0.038,0.008,0.054,0.177,0.069,0.058
BCELoss(),4,8,0.2,12,0,9,8,27,29,0.023,0.007,0.054,0.165,0.066,0.185
BCELoss(),4,8,0.2,1,1,14,18,0,29,0.024,0.009,0.056,0.177,0.088,0.186
BCELoss(),4,8,0.2,0,0,10,20,0,17,-0.051,0.008,0.057,0.182,-0.088,0.187
BCELoss(),4,8,0.2,0,1,21,28,10,20,-0.062,-0.016,0.057,0.181,-0.087,0.187
BCELoss(),4,8,0.2,0,0,18,6,12,27,-0.002,-0.008,0.053,0.18,0.054,0.187
MSELoss(),4,16,0.1,0,1,15,20,28,29,-0.018,0.008,0.056,0.184,0.039,0.058
MSELoss(),4,16,0.1,13,2,9,12,27,29,0.031,0.048,0.057,0.183,0.054,0.058
MSELoss(),4,16,0.1,0,0,21,18,0,28,-0.037,0.008,0.056,0.183,0.077,0.058
MSELoss(),4,16,0.1,0,0,23,18,21,29,-0.05,-0.004,0.054,0.176,0.052,0.058
MSELoss(),4,16,0.1,0,0,8,16,0,29,0.008,0.023,0.054,0.182,0.087,0.058
BCELoss(),4,16,0.1,0,0,6,13,3,29,-0.039,0.0,0.054,0.161,0.077,0.187
BCELoss(),4,16,0.1,29,1,11,22,1,16,0.03,-0.0,0.054,0.178,0.058,0.187
BCELoss(),4,16,0.1,2,0,14,14,29,29,-0.062,0.011,0.056,0.182,0.028,0.187
BCELoss(),4,16,0.1,1,0,14,12,2,19,-0.056,0.014,0.057,0.177,0.093,0.187
BCELoss(),4,16,0.1,0,3,18,20,0,18,-0.052,0.048,0.056,0.184,-0.056,0.187
MSELoss(),4,16,0.2,1,0,13,18,0,29,0.026,0.026,0.056,0.183,-0.076,0.058
MSELoss(),4,16,0.2,1,0,9,25,29,26,-0.051,-0.012,0.054,0.177,0.026,0.058
MSELoss(),4,16,0.2,0,1,10,11,27,29,-0.016,-0.001,0.054,0.177,0.062,0.058
MSELoss(),4,16,0.2,0,1,15,26,0,29,-0.046,-0.008,0.057,0.184,-0.082,0.058
MSELoss(),4,16,0.2,1,0,29,23,29,29,-0.067,-0.008,0.057,0.184,-0.051,0.058
BCELoss(),4,16,0.2,1,0,12,12,0,16,0.017,0.031,0.056,0.183,0.069,0.187
BCELoss(),4,16,0.2,20,0,16,12,0,29,0.026,0.004,0.057,0.177,0.066,0.186
BCELoss(),4,16,0.2,0,1,12,27,0,20,-0.044,-0.004,0.056,0.184,-0.084,0.187
BCELoss(),4,16,0.2,0,0,21,13,21,18,0.027,-0.005,0.057,0.183,0.05,0.187
BCELoss(),4,16,0.2,0,0,9,10,0,29,0.028,0.011,0.051,0.173,0.086,0.186
MSELoss(),8,2,0.1,19,0,5,11,18,14,0.071,0.0,0.049,0.132,0.133,0.057
MSELoss(),8,2,0.1,29,0,3,13,29,29,0.017,0.028,0.048,0.159,0.067,0.057
MSELoss(),8,2,0.1,21,0,7,5,21,21,0.092,0.007,0.041,0.151,0.157,0.056
MSELoss(),8,2,0.1,29,0,2,5,27,29,0.126,0.05,0.033,0.162,0.13,0.056
MSELoss(),8,2,0.1,22,22,3,6,22,22,0.112,0.016,0.045,0.142,0.156,0.055
BCELoss(),8,2,0.1,28,1,2,6,23,29,0.017,0.011,0.028,0.141,0.064,0.186
BCELoss(),8,2,0.1,29,0,4,22,20,29,0.0,0.009,0.034,0.137,0.075,0.186
BCELoss(),8,2,0.1,18,0,4,7,29,28,0.02,0.002,0.039,0.144,0.098,0.185
BCELoss(),8,2,0.1,25,0,2,14,28,29,-0.039,0.018,0.054,0.145,0.076,0.186
BCELoss(),8,2,0.1,29,29,4,4,29,29,0.087,0.047,0.033,0.143,0.138,0.183
MSELoss(),8,2,0.2,26,0,4,8,29,29,0.016,0.0,0.035,0.145,0.069,0.057
MSELoss(),8,2,0.2,29,0,4,8,29,29,0.064,-0.005,0.04,0.139,0.075,0.057
MSELoss(),8,2,0.2,25,0,3,12,29,29,0.08,0.013,0.031,0.155,0.145,0.056
MSELoss(),8,2,0.2,29,0,2,14,29,29,-0.022,0.033,0.034,0.132,0.07,0.058
MSELoss(),8,2,0.2,29,0,6,9,29,29,0.072,-0.001,0.034,0.14,0.029,0.057
BCELoss(),8,2,0.2,27,0,2,3,29,29,-0.035,0.032,0.026,0.147,0.063,0.187
BCELoss(),8,2,0.2,28,0,3,4,17,29,0.018,0.016,0.037,0.146,0.069,0.185
BCELoss(),8,2,0.2,29,0,4,3,29,29,0.014,0.014,0.023,0.156,-0.024,0.187
BCELoss(),8,2,0.2,28,0,3,8,24,27,0.023,-0.001,0.035,0.147,0.062,0.185
BCELoss(),8,2,0.2,27,29,3,11,28,24,0.026,0.004,0.034,0.151,0.112,0.185
MSELoss(),8,4,0.1,14,0,2,8,24,17,0.027,0.01,0.054,0.17,0.059,0.057
MSELoss(),8,4,0.1,29,0,3,3,15,29,0.023,0.008,0.052,0.158,0.068,0.058
MSELoss(),8,4,0.1,24,0,5,6,24,21,0.071,0.006,0.046,0.17,0.153,0.057
MSELoss(),8,4,0.1,23,0,4,6,15,19,0.025,0.004,0.043,0.164,0.062,0.057
MSELoss(),8,4,0.1,0,26,3,3,19,29,0.035,-0.01,0.044,0.169,0.063,0.058
BCELoss(),8,4,0.1,22,0,3,6,15,12,0.025,0.01,0.045,0.164,0.062,0.185
BCELoss(),8,4,0.1,26,0,3,4,12,27,0.026,0.008,0.05,0.16,0.07,0.185
BCELoss(),8,4,0.1,26,0,5,5,12,13,0.026,0.007,0.052,0.164,0.066,0.186
BCELoss(),8,4,0.1,29,0,4,4,19,29,-0.03,0.001,0.049,0.169,0.075,0.186
BCELoss(),8,4,0.1,24,0,5,6,22,26,0.025,0.003,0.045,0.164,0.06,0.185
MSELoss(),8,4,0.2,15,0,9,9,28,29,0.025,0.017,0.049,0.17,0.062,0.057
MSELoss(),8,4,0.2,0,0,2,13,19,21,0.032,-0.003,0.041,0.163,0.067,0.057
MSELoss(),8,4,0.2,0,0,4,3,18,26,0.034,-0.004,0.048,0.155,0.067,0.057
MSELoss(),8,4,0.2,23,0,21,22,10,25,0.026,-0.001,0.048,0.168,0.076,0.058
MSELoss(),8,4,0.2,29,0,6,6,16,29,0.027,0.003,0.044,0.171,0.061,0.057
BCELoss(),8,4,0.2,16,0,2,8,28,29,0.028,0.005,0.048,0.173,0.066,0.185
BCELoss(),8,4,0.2,29,0,4,5,11,29,-0.029,-0.004,0.049,0.16,0.081,0.186
BCELoss(),8,4,0.2,0,0,2,3,0,29,-0.046,0.009,0.046,0.163,0.09,0.187
BCELoss(),8,4,0.2,26,0,4,5,11,22,0.026,0.008,0.048,0.161,0.071,0.186
BCELoss(),8,4,0.2,29,0,5,6,25,27,0.025,-0.002,0.052,0.168,0.067,0.185
MSELoss(),8,8,0.1,9,0,4,4,10,15,0.027,0.002,0.05,0.172,0.065,0.057
MSELoss(),8,8,0.1,9,0,17,13,24,29,0.03,0.007,0.057,0.181,0.069,0.058
MSELoss(),8,8,0.1,8,0,3,5,29,29,0.027,0.01,0.051,0.172,0.069,0.057
MSELoss(),8,8,0.1,26,0,5,6,28,22,0.025,0.008,0.051,0.18,0.055,0.057
MSELoss(),8,8,0.1,28,0,5,10,20,29,-0.004,0.004,0.054,0.177,0.074,0.058
BCELoss(),8,8,0.1,25,0,3,4,14,29,0.026,0.008,0.056,0.177,0.061,0.185
BCELoss(),8,8,0.1,21,0,5,5,12,26,0.027,0.004,0.051,0.174,0.067,0.185
BCELoss(),8,8,0.1,28,0,29,4,10,25,0.026,0.003,0.057,0.177,0.078,0.186
BCELoss(),8,8,0.1,29,0,5,5,23,23,0.02,0.004,0.051,0.181,0.063,0.186
BCELoss(),8,8,0.1,22,0,7,5,11,28,0.025,0.0,0.054,0.177,0.058,0.185
MSELoss(),8,8,0.2,13,0,8,6,20,24,0.025,0.008,0.056,0.177,0.067,0.057
MSELoss(),8,8,0.2,29,0,7,10,29,29,0.024,0.016,0.053,0.183,0.062,0.058
MSELoss(),8,8,0.2,23,0,7,4,15,29,0.034,0.008,0.054,0.172,0.072,0.057
MSELoss(),8,8,0.2,25,0,4,12,8,16,0.026,0.0,0.053,0.176,0.074,0.057
MSELoss(),8,8,0.2,29,0,3,4,17,29,0.022,-0.005,0.053,0.171,0.066,0.058
BCELoss(),8,8,0.2,14,0,4,4,17,11,0.026,-0.001,0.056,0.167,0.062,0.185
BCELoss(),8,8,0.2,29,0,9,7,15,29,0.021,0.008,0.054,0.178,0.073,0.186
BCELoss(),8,8,0.2,0,0,5,7,22,29,0.016,0.0,0.054,0.177,0.074,0.186
BCELoss(),8,8,0.2,0,0,11,10,23,29,-0.044,0.011,0.057,0.181,0.073,0.186
BCELoss(),8,8,0.2,0,0,5,7,16,29,-0.048,0.004,0.051,0.176,0.078,0.186
MSELoss(),8,16,0.1,25,0,9,9,15,29,0.023,-0.0,0.054,0.176,0.07,0.058
MSELoss(),8,16,0.1,28,0,5,4,12,29,-0.049,0.0,0.056,0.168,0.088,0.058
MSELoss(),8,16,0.1,13,0,4,3,9,29,0.031,0.004,0.053,0.174,0.088,0.057
MSELoss(),8,16,0.1,26,0,3,6,25,28,0.027,0.0,0.054,0.172,0.066,0.057
MSELoss(),8,16,0.1,29,0,6,6,13,26,0.025,0.011,0.051,0.176,0.079,0.057
BCELoss(),8,16,0.1,28,0,6,8,26,28,0.028,0.004,0.048,0.176,0.06,0.185
BCELoss(),8,16,0.1,27,0,5,5,25,29,0.027,-0.004,0.053,0.176,0.068,0.184
BCELoss(),8,16,0.1,24,0,9,4,9,22,0.028,0.004,0.057,0.176,0.067,0.185
BCELoss(),8,16,0.1,28,0,4,3,6,22,0.029,-0.0,0.053,0.165,0.078,0.185
BCELoss(),8,16,0.1,29,0,2,2,8,23,0.028,0.011,0.051,0.167,0.065,0.185
MSELoss(),8,16,0.2,28,0,8,5,29,29,0.033,0.006,0.051,0.172,0.074,0.058
MSELoss(),8,16,0.2,28,0,4,5,14,28,0.028,-0.004,0.051,0.172,0.074,0.057
MSELoss(),8,16,0.2,0,0,8,6,16,29,0.028,-0.0,0.054,0.177,0.072,0.058
MSELoss(),8,16,0.2,19,0,3,3,6,13,0.027,0.004,0.051,0.176,0.065,0.057
MSELoss(),8,16,0.2,24,0,5,7,11,28,0.028,0.007,0.054,0.176,0.067,0.058
BCELoss(),8,16,0.2,28,0,4,2,9,28,0.034,0.0,0.057,0.172,0.076,0.185
BCELoss(),8,16,0.2,25,0,5,9,19,29,0.022,0.008,0.054,0.177,0.072,0.185
BCELoss(),8,16,0.2,29,0,3,6,16,29,0.022,-0.001,0.054,0.176,0.079,0.186
BCELoss(),8,16,0.2,0,0,13,11,29,29,-0.035,0.004,0.057,0.18,0.067,0.186
BCELoss(),8,16,0.2,29,0,3,3,13,28,0.016,0.004,0.051,0.176,0.077,0.186
MSELoss(),16,2,0.1,19,0,1,4,18,18,0.132,0.004,0.033,0.138,0.147,0.056
MSELoss(),16,2,0.1,22,0,1,3,21,22,0.149,0.015,0.039,0.143,0.142,0.055
MSELoss(),16,2,0.1,20,20,2,4,19,16,0.147,-0.002,0.031,0.15,0.159,0.055
MSELoss(),16,2,0.1,14,14,2,5,11,12,0.125,0.015,0.025,0.144,0.148,0.055
MSELoss(),16,2,0.1,17,0,2,4,16,17,0.143,0.009,0.038,0.144,0.153,0.055
BCELoss(),16,2,0.1,25,25,2,4,22,24,0.156,0.003,0.043,0.15,0.158,0.178
BCELoss(),16,2,0.1,19,19,1,5,18,19,0.121,0.007,0.047,0.14,0.125,0.181
BCELoss(),16,2,0.1,24,0,2,5,24,20,0.14,0.023,0.037,0.149,0.134,0.181
BCELoss(),16,2,0.1,26,0,2,1,24,25,0.126,0.011,0.039,0.146,0.148,0.182
BCELoss(),16,2,0.1,19,0,2,3,19,17,0.113,0.006,0.04,0.149,0.166,0.182
MSELoss(),16,2,0.2,26,0,2,6,25,25,0.139,0.015,0.027,0.147,0.138,0.055
MSELoss(),16,2,0.2,20,0,3,7,20,20,0.109,0.001,0.041,0.147,0.148,0.056
MSELoss(),16,2,0.2,22,0,2,6,26,27,0.019,0.001,0.04,0.142,0.099,0.057
MSELoss(),16,2,0.2,21,0,2,2,21,21,0.122,0.009,0.033,0.141,0.159,0.056
MSELoss(),16,2,0.2,25,0,2,7,26,26,0.113,0.008,0.038,0.151,0.141,0.056
BCELoss(),16,2,0.2,29,0,1,6,29,29,0.149,0.02,0.031,0.149,0.153,0.18
BCELoss(),16,2,0.2,26,0,1,4,26,26,0.132,0.008,0.036,0.143,0.14,0.182
BCELoss(),16,2,0.2,23,20,1,6,21,15,0.116,0.012,0.034,0.146,0.147,0.181
BCELoss(),16,2,0.2,26,0,2,6,27,21,0.068,0.003,0.039,0.146,0.141,0.185
BCELoss(),16,2,0.2,29,0,1,5,24,29,0.149,0.018,0.028,0.152,0.15,0.18
MSELoss(),16,4,0.1,18,0,1,1,4,15,0.026,-0.002,0.043,0.154,0.068,0.058
MSELoss(),16,4,0.1,14,0,1,5,16,15,0.026,-0.005,0.047,0.162,0.067,0.057
MSELoss(),16,4,0.1,13,0,1,1,9,18,0.027,-0.015,0.047,0.15,0.071,0.057
MSELoss(),16,4,0.1,14,0,1,2,8,9,0.025,-0.003,0.042,0.154,0.063,0.057
MSELoss(),16,4,0.1,20,0,1,1,10,13,0.027,-0.01,0.043,0.151,0.07,0.057
BCELoss(),16,4,0.1,15,0,1,2,8,10,0.027,-0.007,0.045,0.159,0.063,0.185
BCELoss(),16,4,0.1,16,0,1,2,10,9,0.025,-0.01,0.051,0.151,0.068,0.185
BCELoss(),16,4,0.1,21,17,1,2,11,16,0.031,-0.006,0.037,0.161,0.07,0.186
BCELoss(),16,4,0.1,15,12,1,2,12,10,0.027,-0.008,0.037,0.16,0.066,0.185
BCELoss(),16,4,0.1,23,19,2,3,17,14,0.026,-0.004,0.049,0.157,0.066,0.185
MSELoss(),16,4,0.2,18,17,1,1,10,13,0.026,-0.009,0.043,0.15,0.061,0.057
MSELoss(),16,4,0.2,16,0,1,2,19,18,0.115,-0.001,0.036,0.156,0.156,0.057
MSELoss(),16,4,0.2,13,0,1,3,19,20,0.029,-0.008,0.043,0.155,0.07,0.057
MSELoss(),16,4,0.2,22,22,1,2,22,18,0.088,0.01,0.041,0.156,0.134,0.057
MSELoss(),16,4,0.2,16,0,2,2,14,11,0.024,-0.007,0.042,0.162,0.066,0.057
BCELoss(),16,4,0.2,20,20,1,2,20,12,0.032,-0.002,0.045,0.158,0.066,0.185
BCELoss(),16,4,0.2,19,0,1,1,0,16,0.025,-0.001,0.039,0.16,0.083,0.185
BCELoss(),16,4,0.2,12,12,1,2,10,9,0.026,-0.01,0.039,0.155,0.065,0.185
BCELoss(),16,4,0.2,12,21,1,3,4,19,0.03,-0.006,0.042,0.158,0.074,0.185
BCELoss(),16,4,0.2,7,0,1,1,9,12,0.023,-0.006,0.041,0.16,0.062,0.185
MSELoss(),16,8,0.1,12,9,2,2,2,12,0.026,-0.012,0.051,0.172,0.072,0.058
MSELoss(),16,8,0.1,21,22,2,3,4,15,0.027,-0.008,0.054,0.18,0.069,0.057
MSELoss(),16,8,0.1,15,0,2,4,3,8,0.026,-0.012,0.054,0.18,0.065,0.057
MSELoss(),16,8,0.1,13,16,2,1,4,11,0.026,-0.012,0.05,0.166,0.065,0.057
MSELoss(),16,8,0.1,16,17,3,3,15,11,0.027,-0.012,0.053,0.176,0.066,0.057
BCELoss(),16,8,0.1,26,26,3,2,7,18,0.028,0.004,0.053,0.172,0.082,0.185
BCELoss(),16,8,0.1,13,15,2,2,11,11,0.026,0.0,0.051,0.169,0.066,0.185
BCELoss(),16,8,0.1,15,15,2,3,9,9,0.027,-0.004,0.055,0.172,0.073,0.185
BCELoss(),16,8,0.1,14,22,1,2,9,25,0.033,-0.004,0.054,0.175,0.082,0.185
BCELoss(),16,8,0.1,13,15,2,2,12,6,0.028,0.004,0.056,0.172,0.061,0.185
MSELoss(),16,8,0.2,19,16,2,3,5,13,0.027,-0.008,0.052,0.165,0.076,0.057
MSELoss(),16,8,0.2,10,0,3,3,4,9,0.026,-0.012,0.057,0.175,0.073,0.057
MSELoss(),16,8,0.2,14,0,4,3,13,6,0.025,-0.004,0.053,0.18,0.065,0.057
MSELoss(),16,8,0.2,10,11,4,2,11,10,0.03,-0.004,0.054,0.167,0.063,0.057
MSELoss(),16,8,0.2,18,18,2,3,4,16,0.028,-0.008,0.051,0.172,0.075,0.057
BCELoss(),16,8,0.2,14,13,3,2,0,11,0.029,-0.005,0.053,0.168,0.073,0.185
BCELoss(),16,8,0.2,21,0,2,2,18,17,0.023,0.002,0.053,0.176,0.072,0.185
BCELoss(),16,8,0.2,9,21,1,2,4,21,0.029,-0.008,0.057,0.176,0.073,0.185
BCELoss(),16,8,0.2,16,17,1,2,4,12,0.023,-0.004,0.056,0.176,0.072,0.185
BCELoss(),16,8,0.2,10,21,1,2,15,20,0.029,-0.008,0.055,0.176,0.071,0.185
MSELoss(),16,16,0.1,17,0,2,2,3,8,0.027,-0.012,0.051,0.18,0.067,0.057
MSELoss(),16,16,0.1,20,17,2,2,20,17,0.029,-0.012,0.051,0.176,0.071,0.057
MSELoss(),16,16,0.1,16,16,1,3,16,11,0.027,0.0,0.051,0.172,0.065,0.057
MSELoss(),16,16,0.1,19,0,12,3,5,8,0.028,-0.004,0.057,0.166,0.071,0.057
MSELoss(),16,16,0.1,14,0,2,3,8,10,0.027,-0.012,0.054,0.172,0.073,0.058
BCELoss(),16,16,0.1,14,13,2,1,13,10,0.027,-0.008,0.056,0.172,0.067,0.186
BCELoss(),16,16,0.1,17,17,2,2,9,11,0.027,-0.008,0.054,0.172,0.069,0.185
BCELoss(),16,16,0.1,17,26,2,2,6,20,0.026,-0.001,0.054,0.176,0.072,0.185
BCELoss(),16,16,0.1,12,0,2,2,11,8,0.025,-0.008,0.054,0.176,0.066,0.185
BCELoss(),16,16,0.1,20,16,2,2,19,6,0.028,-0.008,0.054,0.172,0.064,0.185
MSELoss(),16,16,0.2,15,17,2,2,5,14,0.027,-0.004,0.054,0.172,0.071,0.057
MSELoss(),16,16,0.2,14,0,11,2,14,10,0.027,-0.012,0.054,0.172,0.064,0.057
MSELoss(),16,16,0.2,23,0,3,3,5,17,0.026,-0.008,0.056,0.176,0.077,0.058
MSELoss(),16,16,0.2,18,0,2,2,9,12,0.028,-0.004,0.054,0.167,0.064,0.057
MSELoss(),16,16,0.2,17,14,3,2,11,12,0.028,-0.012,0.051,0.176,0.07,0.058
BCELoss(),16,16,0.2,21,0,3,2,5,13,0.028,-0.004,0.054,0.176,0.078,0.185
BCELoss(),16,16,0.2,13,20,2,2,5,15,0.031,-0.0,0.054,0.176,0.074,0.185
BCELoss(),16,16,0.2,23,22,1,1,12,19,0.028,-0.004,0.054,0.172,0.074,0.185
BCELoss(),16,16,0.2,14,15,2,2,7,10,0.03,0.0,0.054,0.172,0.068,0.185
BCELoss(),16,16,0.2,20,18,4,3,15,13,0.029,-0.004,0.054,0.176,0.068,0.185
MSELoss(),32,2,0.1,16,0,1,5,14,16,0.151,-0.007,0.039,0.141,0.138,0.055
MSELoss(),32,2,0.1,12,12,1,3,10,12,0.149,-0.005,0.036,0.141,0.142,0.054
MSELoss(),32,2,0.1,11,12,1,4,12,12,0.138,0.012,0.045,0.14,0.154,0.054
MSELoss(),32,2,0.1,14,14,1,5,14,13,0.135,-0.005,0.063,0.141,0.146,0.055
MSELoss(),32,2,0.1,12,12,1,2,12,13,0.124,-0.003,0.043,0.139,0.146,0.054
BCELoss(),32,2,0.1,12,12,1,3,12,11,0.146,0.004,0.04,0.137,0.146,0.178
BCELoss(),32,2,0.1,11,11,1,1,9,11,0.133,0.008,0.046,0.142,0.154,0.18
BCELoss(),32,2,0.1,11,11,1,1,11,11,0.155,0.007,0.045,0.142,0.149,0.179
BCELoss(),32,2,0.1,14,14,1,6,13,14,0.132,-0.007,0.044,0.136,0.13,0.181
BCELoss(),32,2,0.1,12,12,1,2,11,10,0.148,0.007,0.037,0.14,0.151,0.18
MSELoss(),32,2,0.2,12,12,1,4,10,12,0.136,-0.008,0.04,0.14,0.14,0.056
MSELoss(),32,2,0.2,13,13,1,5,12,13,0.139,-0.003,0.038,0.145,0.141,0.055
MSELoss(),32,2,0.2,11,11,1,4,11,11,0.146,-0.01,0.041,0.142,0.134,0.055
MSELoss(),32,2,0.2,14,14,1,3,13,13,0.148,0.003,0.041,0.139,0.147,0.055
MSELoss(),32,2,0.2,8,0,1,2,10,10,0.122,-0.013,0.041,0.145,0.146,0.055
BCELoss(),32,2,0.2,14,14,1,1,13,14,0.145,0.002,0.042,0.143,0.126,0.18
BCELoss(),32,2,0.2,18,18,1,6,17,18,0.15,0.02,0.044,0.143,0.153,0.179
BCELoss(),32,2,0.2,10,11,1,4,11,10,0.137,0.019,0.042,0.14,0.156,0.179
BCELoss(),32,2,0.2,9,11,1,3,11,11,0.14,0.016,0.041,0.145,0.153,0.179
BCELoss(),32,2,0.2,13,14,1,5,10,13,0.123,0.005,0.042,0.149,0.14,0.183
MSELoss(),32,4,0.1,13,13,0,0,11,13,0.132,0.002,0.045,0.153,0.157,0.056
MSELoss(),32,4,0.1,11,9,0,2,6,4,0.028,-0.019,0.042,0.152,0.065,0.057
MSELoss(),32,4,0.1,7,11,0,1,11,6,0.029,-0.006,0.046,0.155,0.063,0.057
MSELoss(),32,4,0.1,9,8,0,1,6,9,0.028,-0.015,0.042,0.15,0.064,0.058
MSELoss(),32,4,0.1,8,9,0,1,5,4,0.026,-0.013,0.051,0.146,0.063,0.057
BCELoss(),32,4,0.1,10,13,0,1,12,7,0.03,0.0,0.045,0.154,0.067,0.185
BCELoss(),32,4,0.1,15,15,0,0,3,6,0.033,0.003,0.05,0.151,0.069,0.185
BCELoss(),32,4,0.1,14,7,0,0,8,6,0.031,-0.016,0.057,0.149,0.07,0.186
BCELoss(),32,4,0.1,9,10,0,1,11,11,0.132,0.015,0.044,0.152,0.147,0.181
BCELoss(),32,4,0.1,8,10,0,1,5,4,0.029,-0.013,0.044,0.16,0.069,0.186
MSELoss(),32,4,0.2,15,15,0,1,13,15,0.154,0.03,0.046,0.154,0.139,0.056
MSELoss(),32,4,0.2,13,13,0,1,11,13,0.143,0.014,0.043,0.149,0.165,0.055
MSELoss(),32,4,0.2,10,11,0,2,3,4,0.029,-0.007,0.042,0.148,0.074,0.057
MSELoss(),32,4,0.2,11,9,0,2,5,10,0.03,-0.014,0.045,0.153,0.067,0.057
MSELoss(),32,4,0.2,10,0,0,1,3,10,0.028,-0.026,0.041,0.158,0.069,0.057
BCELoss(),32,4,0.2,12,13,0,1,11,10,0.132,0.022,0.044,0.156,0.151,0.184
BCELoss(),32,4,0.2,8,10,0,0,10,7,0.03,-0.004,0.043,0.152,0.07,0.185
BCELoss(),32,4,0.2,8,11,0,1,6,4,0.028,-0.008,0.042,0.146,0.067,0.185
BCELoss(),32,4,0.2,14,14,0,0,15,14,0.133,-0.004,0.045,0.146,0.127,0.182
BCELoss(),32,4,0.2,8,10,0,1,4,4,0.026,-0.009,0.049,0.155,0.065,0.185
MSELoss(),32,8,0.1,9,10,0,0,2,11,0.03,-0.012,0.049,0.16,0.071,0.057
MSELoss(),32,8,0.1,12,12,8,3,1,4,0.029,-0.008,0.056,0.165,0.074,0.057
MSELoss(),32,8,0.1,10,9,1,1,1,3,0.028,-0.016,0.047,0.164,0.066,0.057
MSELoss(),32,8,0.1,9,10,2,1,2,6,0.028,-0.016,0.051,0.172,0.08,0.057
MSELoss(),32,8,0.1,7,8,1,1,6,4,0.027,-0.016,0.046,0.164,0.07,0.057
BCELoss(),32,8,0.1,12,10,8,0,8,8,0.029,0.004,0.053,0.165,0.068,0.185
BCELoss(),32,8,0.1,8,10,2,0,10,7,0.028,-0.001,0.056,0.166,0.068,0.186
BCELoss(),32,8,0.1,11,11,6,0,3,3,0.027,-0.004,0.053,0.162,0.067,0.185
BCELoss(),32,8,0.1,11,10,1,1,3,4,0.028,-0.005,0.053,0.174,0.072,0.185
BCELoss(),32,8,0.1,9,11,2,1,2,5,0.027,-0.008,0.058,0.165,0.072,0.185
MSELoss(),32,8,0.2,11,7,2,1,1,6,0.029,-0.016,0.049,0.164,0.067,0.057
MSELoss(),32,8,0.2,13,12,0,1,1,11,0.029,-0.008,0.049,0.174,0.075,0.057
MSELoss(),32,8,0.2,4,8,0,0,5,9,0.03,-0.012,0.049,0.164,0.07,0.058
MSELoss(),32,8,0.2,7,9,1,1,1,4,0.027,-0.012,0.053,0.161,0.075,0.057
MSELoss(),32,8,0.2,11,8,0,1,1,6,0.029,-0.008,0.044,0.173,0.072,0.057
BCELoss(),32,8,0.2,6,10,1,1,1,5,0.027,-0.008,0.055,0.171,0.078,0.185
BCELoss(),32,8,0.2,13,13,0,0,4,7,0.029,-0.008,0.049,0.167,0.072,0.185
BCELoss(),32,8,0.2,11,8,2,0,1,6,0.027,-0.004,0.057,0.163,0.073,0.185
BCELoss(),32,8,0.2,13,7,0,0,3,5,0.027,-0.005,0.045,0.166,0.071,0.185
BCELoss(),32,8,0.2,9,11,9,1,4,5,0.028,0.004,0.053,0.178,0.067,0.185
MSELoss(),32,16,0.1,8,9,1,0,2,9,0.027,-0.009,0.048,0.167,0.071,0.057
MSELoss(),32,16,0.1,11,10,0,0,6,4,0.028,-0.004,0.051,0.167,0.068,0.057
MSELoss(),32,16,0.1,10,10,9,1,4,6,0.027,-0.012,0.054,0.165,0.07,0.057
MSELoss(),32,16,0.1,4,11,1,1,3,4,0.028,-0.012,0.056,0.172,0.069,0.057
MSELoss(),32,16,0.1,4,4,0,0,5,9,0.033,-0.02,0.048,0.165,0.074,0.057
BCELoss(),32,16,0.1,13,12,10,0,10,7,0.031,0.003,0.051,0.167,0.066,0.185
BCELoss(),32,16,0.1,5,7,7,0,2,4,0.031,-0.008,0.056,0.172,0.07,0.185
BCELoss(),32,16,0.1,9,10,12,1,10,9,0.031,0.0,0.054,0.17,0.069,0.185
BCELoss(),32,16,0.1,15,16,1,0,3,6,0.032,0.008,0.048,0.167,0.071,0.185
BCELoss(),32,16,0.1,8,12,9,0,2,7,0.032,0.003,0.052,0.167,0.073,0.185
MSELoss(),32,16,0.2,12,11,1,1,4,7,0.028,-0.004,0.05,0.176,0.068,0.057
MSELoss(),32,16,0.2,10,4,1,1,1,3,0.028,-0.02,0.056,0.17,0.078,0.057
MSELoss(),32,16,0.2,10,9,1,0,10,4,0.03,-0.008,0.048,0.167,0.063,0.057
MSELoss(),32,16,0.2,10,6,0,1,2,4,0.029,-0.016,0.048,0.172,0.07,0.058
MSELoss(),32,16,0.2,2,9,0,0,2,8,0.029,-0.012,0.051,0.167,0.074,0.057
BCELoss(),32,16,0.2,8,9,4,0,3,3,0.03,-0.005,0.055,0.172,0.064,0.185
BCELoss(),32,16,0.2,7,10,0,0,1,3,0.027,-0.0,0.053,0.165,0.082,0.185
BCELoss(),32,16,0.2,8,9,1,0,1,4,0.028,-0.005,0.048,0.161,0.066,0.185
BCELoss(),32,16,0.2,6,9,0,0,3,6,0.033,-0.005,0.051,0.167,0.075,0.185
BCELoss(),32,16,0.2,11,8,1,0,1,2,0.031,-0.005,0.055,0.172,0.072,0.185